id_cliente,nombres,genero
1,No registrado,F
2,No registrado,M
3,Baron Nicholson,M
4,Aracely Lin,F
5,Giada Bruce,F
6,Ethan Chandler,M
7,Cassie Dennis,F
8,Colby Pena,M
9,Kamora Whitney,F
10,Janiya Chandler,F
11,Osvaldo Alexander,M
12,Kaiya Richard,F
13,Kyle Cannon,M
14,Phillip Moses,M
15,Quinton Oneal,M
16,Kaya Brennan,F
17,Joyce Winters,F
18,Ashleigh Moss,M
19,Dayton Smith,M
20,Yazmin Davies,F
21,Darien Cardenas,M
22,Jakob Osborne,M
23,Mira Lloyd,F
24,Jadiel Richard,M
25,Hayden Ortiz,M
26,Colton Clayton,M
27,Reuben Rogers,M
28,Dalton Meyer,M
29,Johan Saunders,M
30,Jaylon Marsh,M
31,Cherish Choi,F
32,Kristin Jefferson,F
33,Carleigh Hobbs,M
34,Lina Barrett,F
35,Jay Fitzpatrick,M
36,Kimberly Duke,F
37,Kailee Warren,F
38,Edith Washington,F
39,Francesca Zavala,F
40,Destiney Mendoza,F
41,Jessie Jennings,F
42,Jaliyah Kramer,F
43,Anton Schmidt,M
44,Kimberly Suarez,F
45,Issac Mueller,M
46,Pranav Murillo,M
47,Evangeline Heath,F
48,Karla Kaiser,F
49,Ryder Finley,M
50,Paityn Rowland,F
51,Reina Mcdonald,F
52,Francis Henson,F
53,Carolyn Vaughan,F
54,Janelle Mitchell,F
55,Camron Walton,F
56,Regan McQueen,M
57,Delaney Lowe,F
58,Anne Keller,F
59,Aleena Mueller,F
60,Elian Vaughan,F
61,Lydia Gentry,F
62,Sullivan Velasquez,M
63,Micah Li,F
64,Kaleigh Berry,F
65,Haylee Harrell,F
66,Winston Hamilton,M
67,Lucy Luna,F
68,Khalil Barron,F
69,Kiara Foley,F
70,Gracelyn Leonard,F
71,Isaac Rangel,M
72,Gerardo Rush,M
73,Neil Ochoa,M
74,Kenya Pacheco,F
75,Frida Costa,F
76,Julianne Bruce,F
77,Jovani Moody,M
78,Jordyn Vang,M
79,Demarcus Haas,M
80,Elianna Olson,F
81,Gracie English,F
82,Camryn Mayer,M
83,Tiara Mullins,F
84,Sharon Sanders,F
85,Jaidyn Owens,F
86,Alejandro Fritz,M
87,Daniela Crosby,F
88,Javier Doyle,M
89,Gauge Casey,M
90,Macey Dillon,F
91,Tomas Mckay,M
92,Donavan Myers,M
93,Demetrius Moody,M
94,Reagan Reynolds,M
95,Jonathon Terry,M
96,Caitlyn Bolton,F
97,Moses Pennington,M
98,Nehemias Gilbert,M
99,Cassidy Castro,F
100,Gordon Reese,M
101,Thelma Antia Palomar,F
102,Yara Trasierra Iruz,F
103,Libis Gonzalez Castañiza,F
104,Sindi Blanco Echeverria,F
105,Analisa Egusquiza Loño,F
106,Indalecio Beneitez Castiñeira,M
107,Mirya Nuñez Incera,F
108,Najavi Ustoa Gavito,F
109,Laureano Aristegui Cuba,M
110,Adriana Altamirano Mon,F
111,Odessa Caceo Alamos,F
112,Michel Ibañez Ceballos,M
113,Devyaní Montano Chavarri,M
114,Facundo Moreira Bezanilla,M
115,Ambar Villaspasa Alguerdo,M
116,Janina Pedro Plata,F
117,Marcelo Marote Solis,M
118,Silvia Arroniz Valmayor,F
119,Moisés Mirueña Costilla,M
120,Policarpo Moraza Telo,M
121,Adhany Prego Cuba,F
122,Zineb Omente Cossa,F
123,Ernestina Osorio Toca,F
124,Alma Ortiz Barriga,F
125,Marselle Alen Viaña,F
126,Atenor Iriarte Barragan,M
127,Micaela Varlett Bartolome,F
128,Wilfrido Consul Garandia,M
129,Dagoberto Lerdo Llanez,M
130,Dalaí Selgas Parraga,F
131,María Miguelez Can,F
132,Norely Burcena Vaya,F
133,Serafín Galdamez Caubilla,M
134,Susan Barrantes Velilla,F
135,Osdel Ameyugo Mendivil,M
136,Aída Casanova Ocio,F
137,Rainier Lago Herces,M
138,Aldara Loranza Gabiña,F
139,Raquel Sastrias Varez,F
140,Leandro Luna Maide,M
141,Yatzel Uja Lizarazu,M
142,Zoilo Pablo Rugama,M
143,Adib Cotan Lledias,M
144,Herú Mendana Candanedo,M
145,Ingrid Cabañas Rodas,F
146,Tarsicio Barajo Oñate,M
147,Denya Zahonero Tigero,F
148,Rossana Boces Murguia,F
149,Fantomás Manzarias Anguciana,M
150,Elder Luaces Atienza,M
151,Ariana Paternina Izaran,F
152,Isthar Fontan Lizana,M
153,Zyanya Miñaca Solares,F
154,Tefacs Alastuey Socobio,M
155,Minerva Gorostieta Reina,F
156,Delfín Viejo Medina,M
157,Rolando Tielve Madrid,M
158,Elsa Mon Llacin,F
159,Antonio Novajas Estua,M
160,Gibell Asturias Barma,M
161,Aique Reguera Rueda,M
162,Patricia Larquera Omente,F
163,Esteban Lluba Villasuso,M
164,Leocadio Pedrosa Guijano,M
165,Xiana Coque Ungo,F
166,Emma Cenzano Cascos,F
167,Vaiolet Ponga Larez,M
168,Micaela Ladra Padierna,F
169,Anahilda Vall Corono,F
170,Guacimara Perez Urbieta,F
171,Martín Guareña Mogoruza,M
172,Mía Sobrino Miñon,F
173,Sandra Ibarzabal Heso,F
174,Yesenia Huberto Ilarza,F
175,Samuel Alayz Barrenechea,M
176,Yago Rotaetamorga Somarribas,M
177,Tivisay Sevane Aedo,M
178,Mariela Millan Guedeja,F
179,Maniel Agüeros Loranca,M
180,Alcides Balladares Orodea,M
181,Keven Caldueño Quintano,M
182,Judith Peñarroja Arriola,F
183,Nimrod Olazarra Caballeiro,M
184,Mauro Quijana Castañondo,M
185,Marianela Valdeon Murguiondo,F
186,Yolani Minayo Cobredo,M
187,Bruno Rosabel Villaraud,M
188,Teresa Espada Feyto,F
189,Honorio Mascire Remon,M
190,Claudio Huercanos Nalda,M
191,Arturo Mostache Verga,M
192,Vianney Hijosa Miñon,F
193,Susana Villavedon Ardanza,F
194,Angeles Guezmes Argoños,M
195,Romano Pelayo Toyo,M
196,Yulissa Francisco Lallera,F
197,Nuria Marsella Gañona,F
198,Jaime Acedo Seron,M
199,Ireneo Peñarroja Arichaga,M
200,Abel Sardaneta Cabañero,M
201,Pantaleón Garandia Maria,M
202,Celestino Matamoros Carriedo,M
203,Nazario Cabrero Ascarza,M
204,Aloida Tovar Ruedas,F
205,Aniceto Robla Garagorri,M
206,Aniano Goñi Villabel,M
207,Irving Davalillo Enebro,M
208,Neudis Balanzuela Neli,M
209,Valiet Zurita Soret,F
210,Norlan Barriobero Plasencia,M
211,Ramón Melendez Izar,M
212,Irazet Poo Loriga,M
213,Adela Ayo Cardeñosa,F
214,Melina Galiana Guaras,F
215,Perla Iribe Azpiazu,F
216,Elvi Martinez Zarraga,M
217,Ilse Ramirez Arnaez,M
218,Iarian Somarribas Alvarellos,M
219,Silvano Solana Argumosa,M
220,Jorge Alzorbe Palmades,M
221,Anunciación Caroso Enao,M
222,Daniel Echavarri Tercilla,M
223,Kenia Ramiro Espin,F
224,Higinio Cadaval Huerga,M
225,Herú Marcello Veguri,M
226,Fátima Larez Marchamalo,F
227,Almudena Rodezno Alcedo,F
228,Deidi Piñeiros Azcaraso,F
229,Luisana Sanabria Lalatu,F
230,Tzuruhan Camazon Maimo,M
231,Giuseppe Piñeira Barrasa,M
232,Quimidio Casal Costeras,M
233,Elia Joara Olaeta,F
234,Julián Pueyo Guerrero,M
235,Ismel Temporal Ezquierdo,M
236,Felicidad Brieba Docio,F
237,Claudia Elguero Villalobos,F
238,Rodolfo Elgueta Seber,M
239,Frida Higuera Gundin,F
240,Griselda Pangua Asensio,F
241,Salma Vicioso Bebias,F
242,Kimberly Ibias Mendia,F
243,Yesenia Goyo Ameda,F
244,Patricio Lago Portugal,M
245,Gaby Palomino Bacete,F
246,Arnau Placencia Tobia,M
247,Birmania Carasa Gallego,F
248,Fátima Urreche Reguero,F
249,Ofelia Bravo Zarzosa,F
250,Simón Fuente Ruales,M
251,Clemente Mañueco Allo,M
252,Blanca Sarabia Peroalfonso,F
253,Eleuterio Sombredo Aladro,M
254,Lisbeth Icazate Echaez,F
255,Nubio Tigero Villacian,M
256,Zuleima Cembranos Zaldua,F
257,Nessa Roales Olaverrieta,F
258,Edwin Barrena Astiategui,M
259,Aaron Erce Marigorta,M
260,Juan Buitrago Perlacia,M
261,Teresa Cayado Tejeria,F
262,Faroh Orellana Andonaegui,M
263,Anaxsanamun Molleda Aramoyana,M
264,Restituto Sombredo Fermoso,M
265,Yolan Ajorbe Azuela,M
266,Yanelly Asensio Mino,F
267,Elvis Vuelta Narbona,M
268,Yulissa Amada Somavilla,F
269,Yatzel Vicioso Arredondo,M
270,Vanessa Padriña Alaña,F
271,Neudis Lamota Lada,M
272,Carlo Carballal Villares,M
273,Abian Abalos Verlo,M
274,Belén Tabliega Bradi,F
275,Leopoldo Rubina Capistrano,M
276,Ramiro Pereña Asturianos,M
277,Melody Giraldez Gamarra,F
278,Abril Mañaria Iturburu,M
279,Ariana Cruzado Sarria,F
280,Gabriel Pena Ziguenza,M
281,Isaac Palomar San,M
282,Miroslava Urbina Sagrario,M
283,Karen San Buisan,F
284,Xiomara Blasco Iturcha,F
285,Amancio Repuente Albo,M
286,Fany Gobeo Aparicio,F
287,Ariel Ramos Herdozain,M
288,Ligia Colmenares Jeantes,F
289,Eros Herces Ariste,M
290,León Argüero Giron,M
291,Yamil Novajas Albo,M
292,Mireya Urtiaga Carmeneses,F
293,Leon Proaño Panero,M
294,Eida Galdeano Vellon,F
295,Bárbara Alesanco Suesa,F
296,Aracely Rumayor Marina,F
297,Yosvani Cesura Bernabeytia,M
298,Renato Cetina Cascales,M
299,Iñaki Arranz Bedia,F
300,Dina Cubero Villabol,F